{
    "position": {
        "1": [
            -4.23, 
            -1.53, 
            0.0
        ], 
        "3": [
            -1.724, 
            -3.568, 
            0.0
        ], 
        "2": [
            -1.724, 
            0.54, 
            0.0
        ], 
        "4": [
            0.779, 
            -1.56, 
            0.0
        ]
    }, 
    "size": {
        "1": [
            4.25, 
            0.15
        ], 
        "3": [
            5.0, 
            0.15
        ], 
        "2": [
            5.0, 
            0.15
        ], 
        "4": [
            4.25, 
            0.15
        ]
    }, 
    "model_name": {
        "1": [
            "wall_1"
        ], 
        "3": [
            "wall_3"
        ], 
        "2": [
            "wall_2"
        ], 
        "4": [
            "wall_4"
        ]
    }, 
    "orientation": {
        "1": [
            0.0, 
            0.0, 
            1.570795
        ], 
        "3": [
            0.0, 
            0.0, 
            0.0
        ], 
        "2": [
            0.0, 
            0.0, 
            0.0
        ], 
        "4": [
            0.0, 
            0.0, 
            1.570795
        ]
    }
}